OPEID,CITY,INSTNM,INSTURL,STABBR
130500,Stanford,Stanford University,www.stanford.edu/,CA
215500,Cambridge,Harvard University,www.harvard.edu,MA
142600,New Haven,Yale University,www.yale.edu,CT
270700,New York,Columbia University in the City of New York,www.columbia.edu,NY
262700,Princeton,Princeton University,www.princeton.edu,NJ
217800,Cambridge,Massachusetts Institute of Technology,web.mit.edu/student/,MA
340100,Providence,Brown University,www.brown.edu,RI
177400,Chicago,University of Chicago,WWW.UCHICAGO.EDU,IL
113100,Pasadena,California Institute of Technology,www.caltech.edu,CA
337800,Philadelphia,University of Pennsylvania,www.upenn.edu,PA
117000,Claremont,Claremont McKenna College,www.cmc.edu,CA
292000,Durham,Duke University,WWW.DUKE.EDU,NC
257300,Hanover,Dartmouth College,www.dartmouth.edu,NH
3946300,Needham,Franklin W Olin College of Engineering,www.olin.edu,MA
117300,Claremont,Pomona College,www.pomona.edu,CA
353500,Nashville,Vanderbilt University,www.vanderbilt.edu,TN
173900,Evanston,Northwestern University,www.northwestern.edu,IL
211500,Amherst,Amherst College,www.amherst.edu,MA
271100,Ithaca,Cornell University,www.cornell.edu,NY
117100,Claremont,Harvey Mudd College,https://www.hmc.edu,CA
271000,New York,Cooper Union for the Advancement of Science and Art,www.cooper.edu,NY
360400,Houston,Rice University,www.rice.edu,TX
131200,Berkeley,University of California-Berkeley,www.berkeley.edu,CA
207700,Baltimore,Johns Hopkins University,www.jhu.edu,MD
242400,Itta Bena,Mississippi Valley State University,www.mvsu.edu,MS
337000,Swarthmore,Swarthmore College,www.swarthmore.edu,PA
252000,Saint Louis,Washington University in St Louis,www.wustl.edu,MO
369100,Middlebury,Middlebury College,www.middlebury.edu,VT
221900,Medford,Tufts University,www.tufts.edu,MA
144500,Washington,Georgetown University,www.georgetown.edu,DC
132800,Los Angeles,University of Southern California,www.usc.edu/,CA
131500,Los Angeles,University of California-Los Angeles,www.ucla.edu/,CA
222900,Williamstown,Williams College,www.williams.edu,MA
376800,Lexington,Washington and Lee University,www.wlu.edu/,VA
202600,New Orleans,Southern University at New Orleans,www.suno.edu,LA
184000,Notre Dame,University of Notre Dame,www.nd.edu,IN
291800,Davidson,Davidson College,www.davidson.edu/,NC
158700,Augusta,Paine College,www.paine.edu,GA
2053000,Lynchburg,Liberty University,www.liberty.edu,VA
234000,Northfield,Carleton College,www.carleton.edu,MN
289500,Poughkeepsie,Vassar College,www.vassar.edu,NY
270800,New York,Barnard College,www.barnard.edu,NY
376600,Richmond,Virginia Union University,www.vuu.edu,VA
3982300,Memphis,Visible Music College,www.visible.edu,TN
156600,Fort Valley,Fort Valley State University,www.fvsu.edu,GA
301100,Cincinnati,Art Academy of Cincinnati,www.artacademy.edu,OH
324200,Pittsburgh,Carnegie Mellon University,www.cmu.edu/,PA
327400,Haverford,Haverford College,www.haverford.edu,PA
306500,Gambier,Kenyon College,www.kenyon.edu/,OH
884800,Lake Wales,Warner University,www.warner.edu,FL
270100,Hamilton,Colgate University,www.colgate.edu,NY
212100,Wellesley,Babson College,www.babson.edu,MA
272800,Clinton,Hamilton College,www.hamilton.edu,NY
3088800,Nashville,Watkins College of Art Design & Film,www.watkins.edu,TN
156400,Atlanta,Emory University,www.emory.edu,GA
329000,Lincoln University,Lincoln University,www.lincoln.edu,PA
727300,New York,CUNY Bernard M Baruch College,www.baruch.cuny.edu,NY
202900,New Orleans,Tulane University of Louisiana,tulane.edu,LA
186800,Grinnell,Grinnell College,www.grinnell.edu,IA
203900,Waterville,Colby College,www.colby.edu,ME
710800,San Juan,University of Puerto Rico-Rio Piedras,www.uprrp.edu,PR
117400,Claremont,Scripps College,www.scrippscollege.edu,CA
238300,Saint Bonifacius,Crown College,www.crown.edu,MN
297400,Chapel Hill,University of North Carolina at Chapel Hill,www.unc.edu,NC
702200,Bronx,CUNY Lehman College,www.lehman.cuny.edu,NY
374500,Charlottesville,University of Virginia-Main Campus,www.virginia.edu/,VA
371400,Hampton,Hampton University,www.hamptonu.edu,VA
328400,Easton,Lafayette College,https://www.lafayette.edu/,PA
169400,Chicago,Chicago State University,www.csu.edu,IL
222400,Wellesley,Wellesley College,www.wellesley.edu,MA
323800,Lewisburg,Bucknell University,www.bucknell.edu,PA
114300,San Luis Obispo,California Polytechnic State University-San Luis Obispo,calpoly.edu,CA
125200,Fullerton,Hope International University,www.hiu.edu,CA
339600,Chambersburg,Wilson College,www.wilson.edu,PA
374400,University of Richmond,University of Richmond,www.richmond.edu,VA
219900,Boston,Northeastern University,www.northeastern.edu,MA
232500,Ann Arbor,University of Michigan-Ann Arbor,www.umich.edu,MI
381900,Vienna,Ohio Valley University,www.ovu.edu,WV
340900,Providence,Rhode Island School of Design,www.risd.edu,RI
308600,Oberlin,Oberlin College,www.oberlin.edu,OH
370500,Williamsburg,College of William and Mary,www.wm.edu,VA
342900,Columbia,Columbia International University,www.ciu.edu,SC
131700,La Jolla,University of California-San Diego,www.ucsd.edu,CA
156900,Atlanta,Georgia Institute of Technology-Main Campus,www.gatech.edu,GA
195500,Berea,Berea College,www.berea.edu,KY
212800,Chestnut Hill,Boston College,www.bc.edu,MA
328900,Bethlehem,Lehigh University,www.lehigh.edu,PA
115100,San Diego,San Diego State University,www.sdsu.edu,CA
213000,Boston,Boston University,www.bu.edu,MA
268900,New York,CUNY Hunter College,www.hunter.cuny.edu,NY
160600,Laie,Brigham Young University-Hawaii,www.byuh.edu/,HI
213300,Waltham,Brandeis University,www.brandeis.edu/,MA
386900,Milwaukee,Mount Mary University,www.mtmary.edu/,WI
349503,Kissimmee,Johnson University Florida,www.johnsonu.edu/florida,FL
268700,Brooklyn,CUNY Brooklyn College,www.brooklyn.cuny.edu,NY
153701,St. Petersburg,University of South Florida-St Petersburg,www.usfsp.edu,FL
278500,New York,New York University,www.nyu.edu,NY
113900,Long Beach,California State University-Long Beach,www.csulb.edu,CA
1014900,Malibu,Pepperdine University,www.pepperdine.edu/,CA
357600,Houston,Houston Baptist University,www.hbu.edu,TX
195100,Pippa Passes,Alice Lloyd College,www.alc.edu,KY
132000,Santa Barbara,University of California-Santa Barbara,www.ucsb.edu,CA
235800,Saint Paul,Macalester College,www.macalester.edu,MN
265400,Socorro,New Mexico Institute of Mining and Technology,www.nmt.edu,NM
1205900,Ellendale,Trinity Bible College,trinitybiblecollege.edu/,ND
134800,Golden,Colorado School of Mines,www.mines.edu,CO
223800,Berrien Springs,Andrews University,www.andrews.edu,MI
159600,Toccoa Falls,Toccoa Falls College,www.tfc.edu,GA
475900,Jamaica,CUNY York College,www.york.cuny.edu,NY
269300,New York,CUNY John Jay College of Criminal Justice,www.jjay.cuny.edu,NY
281400,Saratoga Springs,Skidmore College,www.skidmore.edu/,NY
133900,Salem,Corban University,www.corban.edu,OR
131400,Irvine,University of California-Irvine,www.uci.edu/,CA
280300,Troy,Rensselaer Polytechnic Institute,www.rpi.edu,NY
314100,Wilberforce,Wilberforce University,www.wilberforce.edu,OH
302600,Wilberforce,Central State University,www.centralstate.edu,OH
381000,Athens,Concord University,www.concord.edu,WV
2280900,Elizabeth City,Mid-Atlantic Christian University,www.macuniversity.edu,NC
694100,Dallas,Dallas Christian College,www.dallas.edu,TX
268800,New York,CUNY City College,www.ccny.cuny.edu,NY
350700,Memphis,Memphis College of Art,www.mca.edu,TN
364500,Fort Worth,Texas Wesleyan University,www.txwes.edu,TX
153600,Coral Gables,University of Miami,www.miami.edu/,FL
302400,Cleveland,Case Western Reserve University,www.case.edu,OH
380900,Bluefield,Bluefield State College,www.bluefieldstate.edu,WV
290800,Wilson,Barton College,www.barton.edu/,NC
270400,New Rochelle,The College of New Rochelle,www.cnr.edu,NY
108600,Pine Bluff,University of Arkansas at Pine Bluff,www.uapb.edu,AR
321700,Portland,Reed College,www.reed.edu,OR
243300,Holly Springs,Rust College,www.rustcollege.edu,MS
363000,Prairie View,Prairie View A & M University,www.pvamu.edu,TX
365800,Austin,The University of Texas at Austin,www.utexas.edu,TX
2328900,Dubuque,Emmaus Bible College,www.emmaus.edu,IA
407215,West Palm Beach,Northwood University-Florida,www.northwood.edu,FL
269000,Queens,CUNY Queens College,www.qc.cuny.edu,NY
138000,Danbury,Western Connecticut State University,www.wcsu.edu,CT
318500,Tulsa,University of Tulsa,www.utulsa.edu,OK
243900,Tougaloo,Tougaloo College,www.tougaloo.edu,MS
131300,Davis,University of California-Davis,www.ucdavis.edu,CA
323700,Bryn Mawr,Bryn Mawr College,www.brynmawr.edu,PA
200400,New Orleans,Dillard University,www.dillard.edu,LA
228800,Rochester Hills,Rochester College,www.rc.edu,MI
121500,Riverside,La Sierra University,www.lasierra.edu,CA
256700,York,York College,www.york.edu/,NE
679100,Purchase,SUNY at Purchase College,www.purchase.edu,NY
380300,Walla Walla,Whitman College,www.whitman.edu,WA
187100,Mount Pleasant,Iowa Wesleyan University,www.iw.edu,IA
283800,Stony Brook,Stony Brook University,www.stonybrook.edu,NY
382600,Institute,West Virginia State University,www.wvstateu.edu,WV
395500,Pensacola,The University of West Florida,uwf.edu,FL
284600,New Paltz,State University of New York at New Paltz,www.newpaltz.edu,NY
124900,Los Angeles,Occidental College,www.oxy.edu,CA
106100,Anchorage,Alaska Pacific University,www.alaskapacific.edu,AK
293600,Charlotte,Johnson C Smith University,www.jcsu.edu,NC
897600,Morrow,Clayton  State University,www.clayton.edu,GA
380600,Philippi,Alderson Broaddus University,www.ab.edu/,WV
314700,Muskogee,Bacone College,www.bacone.edu,OK
298100,Cullowhee,Western Carolina University,www.wcu.edu,NC
206800,Baltimore,Coppin State University,www.coppin.edu,MD
398100,Winston-Salem,University of North Carolina School of the Arts,www.uncsa.edu/,NC
295000,Durham,North Carolina Central University,www.nccu.edu,NC
349900,Jackson,Lane College,www.lanecollege.edu,TN
201500,New Orleans,University of New Orleans,www.uno.edu,LA
260900,Glassboro,Rowan University,www.rowan.edu,NJ
142800,Dover,Delaware State University,www.desu.edu,DE
342400,Orangeburg,Claflin University,www.claflin.edu,SC
263900,Hoboken,Stevens Institute of Technology,www.stevens.edu,NJ
144400,Washington,George Washington University,www.gwu.edu,DC
152100,Lakeland,Southeastern University,www.seu.edu/,FL
200600,Grambling,Grambling State University,www.gram.edu,LA
283600,Vestal,SUNY at Binghamton,www.binghamton.edu,NY
104700,Troy,Troy University,www.troy.edu,AL
194500,Sterling,Sterling College,www.sterling.edu,KS
375300,Lexington,Virginia Military Institute,www.vmi.edu,VA
113700,Fullerton,California State University-Fullerton,www.fullerton.edu,CA
254700,Omaha,Grace University,https://www.graceuniversity.edu/,NE
148800,Lakeland,Florida Southern College,www.flsouthern.edu,FL
206700,Takoma Park,Washington Adventist University,www.wau.edu,MD
123600,Atherton,Menlo College,www.menlo.edu,CA
396900,Minneapolis,University of Minnesota-Twin Cities,www1.umn.edu/twincities/index.php,MN
266300,Albuquerque,University of New Mexico-Main Campus,www.unm.edu,NM
232200,Hancock,Finlandia University,www.finlandia.edu,MI
339900,York,York College Pennsylvania,www.ycp.edu,PA
2069000,New York,New York School of Interior Design,www.nysid.edu,NY
153500,Gainesville,University of Florida,www.ufl.edu/,FL
677100,Detroit,College for Creative Studies,www.collegeforcreativestudies.edu,MI
196000,Louisville,Spalding University,www.spalding.edu,KY
349400,Madisonville,Hiwassee College,www.hiwassee.edu,TN
143400,Washington,American University,WWW.AMERICAN.EDU,DC
294800,Montreat,Montreat College,www.montreat.edu,NC
295600,Winston-Salem,Piedmont International University,www.piedmontu.edu,NC
146600,Miami,Barry University,www.barry.edu,FL
212400,Waltham,Bentley University,www.bentley.edu,MA
356000,Dallas,Dallas Baptist University,www.dbu.edu,TX
1039500,San Diego,University of San Diego,www.sandiego.edu,CA
348500,Lebanon,Cumberland University,www.cumberland.edu,TN
121600,La Verne,University of La Verne,www.laverne.edu/,CA
381300,Glenville,Glenville State College,www.glenville.edu,WV
303500,Columbus,Ohio Dominican University,www.ohiodominican.edu,OH
285800,Farmingdale,Farmingdale State College,www.farmingdale.edu/,NY
965100,Laredo,Texas A & M International University,www.tamiu.edu/,TX
695100,Spartanburg,University of South Carolina-Upstate,www.uscupstate.edu,SC
294900,Mount Olive,University of Mount Olive,www.umo.edu,NC
367000,Provo,Brigham Young University-Provo,www.byu.edu,UT
116400,Orange,Chapman University,www.chapman.edu,CA
373800,Buena Vista,Southern Virginia University,www.svu.edu,VA
295500,Misenheimer,Pfeiffer University,www.pfeiffer.edu,NC
371300,Hampden-Sydney,Hampden-Sydney College,www.hsc.edu,VA
154400,Albany,Albany State University,www.asurams.edu/,GA
350900,Memphis,University of Memphis,www.memphis.edu,TN
385000,Manitowoc,Silver Lake College of the Holy Family,www.sl.edu/,WI
125800,Angwin,Pacific Union College,www.puc.edu,CA
194300,Leavenworth,University of Saint Mary,www.stmary.edu,KS
170800,Lincoln,Lincoln Christian University,www.lincolnchristian.edu,IL
196800,Frankfort,Kentucky State University,www.kysu.edu,KY
196500,Grayson,Kentucky Christian University,www.kcu.edu,KY
2169100,Johnson City,Davis College,www.davisny.edu/,NY
370400,Bridgewater,Bridgewater College,www.bridgewater.edu/about-us,VA
356500,Commerce,Texas A & M University-Commerce,www.tamuc.edu/,TX
284900,Plattsburgh,SUNY College at Plattsburgh,www.plattsburgh.edu,NY
103300,Huntsville,Oakwood University,www.oakwood.edu,AL
789300,Saint Augustine,Flagler College-St Augustine,www.flagler.edu,FL
210300,College Park,University of Maryland-College Park,www.umd.edu,MD
272200,Bronx,Fordham University,www.fordham.edu,NY
284800,Oswego,SUNY College at Oswego,www.oswego.edu/,NY
157500,Barnesville,Gordon State College,www.gordonstate.edu,GA
144800,Washington,Howard University,www.howard.edu,DC
228400,Detroit,Marygrove College,www.marygrove.edu,MI
353600,Dayton,Bryan College-Dayton,www.bryan.edu,TN
364700,San Antonio,Trinity University,www.trinity.edu,TX
362000,Georgetown,Southwestern University,www.southwestern.edu,TX
160100,Carrollton,University of West Georgia,www.westga.edu,GA
663900,Green Bay,Bellin College,www.bellincollege.edu,WI
150900,Fort Lauderdale,Nova Southeastern University,www.nova.edu,FL
363600,Fort Worth,Texas Christian University,www.tcu.edu/,TX
148000,Tallahassee,Florida Agricultural and Mechanical University,www.famu.edu,FL
284100,Brockport,SUNY College at Brockport,www.brockport.edu,NY
264200,Ewing,The College of New Jersey,www.tcnj.edu,NJ
292600,Elizabeth City,Elizabeth City State University,www.ecsu.edu,NC
190500,North Newton,Bethel College-North Newton,www.bethelks.edu,KS
156300,Franklin Springs,Emmanuel College,www.ec.edu,GA
214600,Boston,Emerson College,www.emerson.edu,MA
105000,Tuskegee,Tuskegee University,www.tuskegee.edu,AL
195800,Owensboro,Brescia University,www.brescia.edu,KY
338800,Villanova,Villanova University,www.villanova.edu,PA
132600,Santa Clara,Santa Clara University,www.scu.edu,CA
358400,Longview,LeTourneau University,www.letu.edu,TX
206500,Baltimore,Notre Dame of Maryland University,www.ndm.edu,MD
359800,San Antonio,Our Lady of the Lake University,www.ollusa.edu,TX
395400,Orlando,University of Central Florida,www.ucf.edu/,FL
190800,McPherson,Central Christian College of Kansas,www.centralchristian.edu,KS
176800,Chicago,Saint Xavier University,WWW.SXU.EDU,IL
361900,Keene,Southwestern Adventist University,www.swau.edu/,TX
348200,Memphis,Christian Brothers University,www.cbu.edu,TN
167400,Charleston,Eastern Illinois University,https://www.eiu.edu/,IL
186600,Lamoni,Graceland University-Lamoni,www.graceland.edu,IA
284700,Oneonta,SUNY Oneonta,www.oneonta.edu,NY
141700,Storrs,University of Connecticut,uconn.edu/,CT
160400,Young Harris,Young Harris College,www.yhc.edu,GA
332900,University Park,Pennsylvania State University-Main Campus,www.psu.edu/,PA
292800,Fayetteville,Fayetteville State University,www.uncfsu.edu,NC
244700,Hattiesburg,William Carey University,www.wmcarey.edu,MS
353700,Abilene,Abilene Christian University,www.acu.edu,TX
154000,Babson Park,Webber International University,www.webber.edu,FL
166400,Joliet,University of St Francis,www.stfrancis.edu,IL
169100,Chicago,Illinois Institute of Technology,www.iit.edu,IL
173700,Dekalb,Northern Illinois University,www.niu.edu,IL
342700,Hartsville,Coker College,www.coker.edu,SC
105100,Tuscaloosa,The University of Alabama,www.ua.edu/,AL
285100,Syracuse,SUNY College of Environmental Science and Forestry,www.esf.edu,NY
238200,Northfield,St Olaf College,wp.stolaf.edu,MN
342500,Clemson,Clemson University,www.clemson.edu,SC
297200,Raleigh,North Carolina State University at Raleigh,www.ncsu.edu,NC
3941300,Ave Maria,Ave Maria University,www.avemaria.edu,FL
104100,Mobile,Spring Hill College,www.shc.edu,AL
114400,Pomona,California State Polytechnic University-Pomona,www.cpp.edu,CA
153800,Tampa,The University of Tampa,www.ut.edu,FL
154700,West Point,Point University,point.edu,GA
364200,Houston,Texas Southern University,www.tsu.edu,TX
244900,Kansas City,Avila University,www.Avila.edu,MO
343600,Gaffney,Limestone College,www.limestone.edu,SC
256300,Lincoln,Union College,www.ucollege.edu,NE
220800,Boston,Simmons College,www.simmons.edu,MA
324300,Allentown,Cedar Crest College,www.cedarcrest.edu,PA
2106400,Franklin,O'More College of Design,www.omorecollege.edu,TN
361300,Dallas,Southern Methodist University,www.smu.edu,TX
363100,Stephenville,Tarleton State University,www.tarleton.edu,TX
100200,Normal,Alabama A & M University,www.aamu.edu/,AL
319100,Portland,Concordia University-Portland,www.cu-portland.edu,OR
285300,Throggs Neck,SUNY Maritime College,www.sunymaritime.edu,NY
1164900,Los Angeles,Loyola Marymount University,www.lmu.edu,CA
963500,Miami,Florida International University,www.fiu.edu,FL
193900,Wichita,Newman University,www.newmanu.edu,KS
115300,Northridge,California State University-Northridge,www.csun.edu,CA
214500,Quincy,Eastern Nazarene College,www.enc.edu,MA
248000,Saint Charles,Lindenwood University,www.lindenwood.edu,MO
147800,Jacksonville,Edward Waters College,www.ewc.edu,FL
309000,Columbus,Ohio State University-Main Campus,www.osu.edu/,OH
279800,Brooklyn,Pratt Institute-Main,www.pratt.edu,NY
337900,Pittsburgh,University of Pittsburgh-Pittsburgh Campus,www.pitt.edu,PA
1026600,Moore,Hillsdale Free Will Baptist College,www.hc.edu,OK
153700,Tampa,University of South Florida-Main Campus,www.usf.edu,FL
284400,Fredonia,SUNY at Fredonia,www.fredonia.edu,NY
288200,Syracuse,Syracuse University,syr.edu/,NY
100500,Montgomery,Alabama State University,www.alasu.edu,AL
295100,Rocky Mount,North Carolina Wesleyan College,www.ncwc.edu,NC
1055400,Selma,Concordia College Alabama,www.ccal.edu/,AL
934400,Mahwah,Ramapo College of New Jersey,www.ramapo.edu,NJ
301800,Bowling Green,Bowling Green State University-Main Campus,www.bgsu.edu,OH
101200,Birmingham,Birmingham Southern College,www.bsc.edu/,AL
157700,Kennesaw,Kennesaw State University,www.kennesaw.edu,GA
332800,West Chester,West Chester University of Pennsylvania,www.wcupa.edu,PA
343100,Spartanburg,Converse College,www.converse.edu,SC
251200,Columbia,Stephens College,www.stephens.edu,MO
202500,Baton Rouge,Southern University and A & M College,www.subr.edu,LA
344500,Clinton,Presbyterian College,https://www.presby.edu,SC
3440300,Memphis,Baptist Memorial College of Health Sciences,www.bchs.edu,TN
166600,River Forest,Concordia University-Chicago,www.cuchicago.edu,IL
292700,Elon,Elon University,www.elon.edu,NC
159400,Atlanta,Spelman College,www.spelman.edu,GA
179900,Goshen,Goshen College,www.goshen.edu,IN
159900,Valdosta,Valdosta State University,www.valdosta.edu,GA
208000,Baltimore,Maryland Institute College of Art,www.mica.edu,MD
285400,Alfred,SUNY College of Technology at Alfred,www.alfredstate.edu,NY
354300,Sherman,Austin College,www.austincollege.edu,TX
201100,Alexandria,Louisiana State University-Alexandria,www.lsua.edu,LA
173500,Chicago,North Park University,www.northpark.edu,IL
385400,Plymouth,Lakeland College,www.lakeland.edu,WI
174800,Rockford,Rockford University,www.rockford.edu,IL
132900,Stockton,University of the Pacific,www.pacific.edu,CA
178500,Anderson,Anderson University,www.anderson.edu,IN
182400,Oakland City,Oakland City University,www.oak.edu,IN
206200,Bowie,Bowie State University,www.bowiestate.edu,MD
379800,Seattle,University of Washington-Seattle Campus,www.washington.edu,WA
156100,Columbus,Columbus State University,www.columbusstate.edu,GA
157800,Lagrange,LaGrange College,www.lagrange.edu,GA
185400,Cedar Rapids,Coe College,www.coe.edu,IA
354500,Waco,Baylor University,www.baylor.edu,TX
148900,Tallahassee,Florida State University,www.fsu.edu,FL
1203100,Santee,San Diego Christian College,www.sdcc.edu,CA
2159600,Graceville,The Baptist College of Florida,www.baptistcollege.edu,FL
348600,Nashville,Lipscomb University,www.lipscomb.edu,TN
168400,Greenville,Greenville College,www.greenville.edu,IL
132100,Santa Cruz,University of California-Santa Cruz,www.ucsc.edu/,CA
159800,Athens,University of Georgia,www.uga.edu,GA
203100,Lafayette,University of Louisiana at Lafayette,www.louisiana.edu,LA
283500,Albany,SUNY at Albany,www.albany.edu,NY
364100,Seguin,Texas Lutheran University,www.tlu.edu,TX
370600,Newport News,Christopher Newport University,www.cnu.edu,VA
294600,Fayetteville,Methodist University,www.methodist.edu,NC
356400,Marshall,East Texas Baptist University,www.etbu.edu,TX
301600,Bluffton,Bluffton University,www.bluffton.edu,OH
1167800,Utica,SUNY Polytechnic Institute,www.sunyit.edu,NY
285900,Morrisville,Morrisville State College,www.morrisville.edu,NY
170900,Lincoln,Lincoln College,lincolncollege.edu,IL
349500,Knoxville,Johnson University,www.johnsonu.edu/Home.aspx,TN
182100,Indianapolis,Marian University,www.marian.edu,IN
371500,Roanoke,Hollins University,www.hollins.edu,VA
290100,Aurora,Wells College,www.wells.edu,NY
179200,Greencastle,DePauw University,www.depauw.edu,IN
320600,Portland,Multnomah University,www.multnomah.edu,OR
349600,Bristol,King University,www.king.edu,TN
143300,Dover,Wesley College,www.wesley.edu,DE
711300,Phoenix,Arizona Christian University,www.arizonachristian.edu,AZ
344000,Newberry,Newberry College,www.newberry.edu,SC
357100,Abilene,Hardin-Simmons University,www.hsutx.edu,TX
187900,Sioux City,Morningside College,www.morningside.edu,IA
188000,Cedar Rapids,Mount Mercy University,www.mtmercy.edu,IA
141702,Stamford,University of Connecticut-Stamford,uconn.edu/,CT
263800,Jersey City,Saint Peter's University,www.saintpeters.edu,NJ
389500,Madison,University of Wisconsin-Madison,www.wisc.edu,WI
346700,Aberdeen,Presentation College,www.presentation.edu,SD
109300,Conway,Central Baptist College,www.cbc.edu,AR
290500,Greensboro,North Carolina A & T State University,www.ncat.edu,NC
118300,Oakland,Holy Names University,www.hnu.edu,CA
154001,Laurinburg,St Andrews University,www.sa.edu,NC
241400,Jackson,Millsaps College,www.millsaps.edu,MS
345000,Bluffton,University of South Carolina-Beaufort,www.uscb.edu,SC
639900,Lincoln,Bryan College of Health Sciences,www.bryanhealthcollege.edu/bcohs/,NE
129100,Redding,Simpson University,www.simpsonu.edu,CA
227900,Southfield,Lawrence Technological University,www.ltu.edu,MI
348000,McKenzie,Bethel University,www.bethelu.edu/,TN
280600,Rochester,Rochester Institute of Technology,www.rit.edu/,NY
252600,Helena,Carroll College,www.carroll.edu,MT
158800,Demorest,Piedmont College,www.piedmont.edu,GA
260000,Morristown,College of Saint Elizabeth,www.cse.edu,NJ
169300,Chicago,Northeastern Illinois University,www.neiu.edu/,IL
299400,Minot,Minot State University,www.minotstateu.edu,ND
246000,Canton,Culver-Stockton College,www.culver.edu,MO
343500,Greenwood,Lander University,www.lander.edu,SC
379900,College Place,Walla Walla University,www.wallawalla.edu,WA
283700,Buffalo,University at Buffalo,www.buffalo.edu,NY
335300,Philadelphia,University of the Sciences,www.usciences.edu,PA
336000,Rosemont,Rosemont College,www.rosemont.edu,PA
129300,Costa Mesa,Vanguard University of Southern California,www.vanguard.edu,CA
322800,Bryn Athyn,Bryn Athyn College of the New Church,www.brynathyn.edu,PA
352400,Winston Salem,Tennessee Temple University,www.tntemple.edu,NC
381100,Elkins,Davis & Elkins College,www.dewv.edu,WV
131600,Riverside,University of California-Riverside,WWW.UCR.EDU,CA
101900,Montgomery,Huntingdon College,www.huntingdon.edu,AL
102900,Mobile,University of Mobile,www.umobile.edu,AL
207200,Frostburg,Frostburg State University,www.frostburg.edu,MD
302900,Cincinnati,Cincinnati Christian University,www.CCUniversity.edu,OH
362400,Nacogdoches,Stephen F Austin State University,www.sfasu.edu,TX
298400,Wilmington,University of North Carolina Wilmington,www.uncw.edu,NC
228200,Livonia,Madonna University,www.madonna.edu,MI
341900,Charleston,Charleston Southern University,www.csuniv.edu,SC
183000,Terre Haute,Rose-Hulman Institute of Technology,www.rose-hulman.edu,IN
323500,Glenside,Arcadia University,https://www.arcadia.edu,PA
3255300,Fort Myers,Florida Gulf Coast University,www.fgcu.edu,FL
104400,Tuscaloosa,Stillman College,www.stillman.edu,AL
312700,Dayton,University of Dayton,https://www.udayton.edu,OH
177500,Champaign,University of Illinois at Urbana-Champaign,www.illinois.edu/,IL
193100,Manhattan,Manhattan Christian College,www.mccks.edu,KS
303700,Wooster,The College of Wooster,www.wooster.edu,OH
922600,Florence,Francis Marion University,www.fmarion.edu,SC
284500,Geneseo,SUNY College at Geneseo,www.geneseo.edu/,NY
209900,Towson,Towson University,www.towson.edu,MD
110100,Little Rock,University of Arkansas at Little Rock,ualr.edu/www/,AR
182500,West Lafayette,Purdue University-Main Campus,www.purdue.edu,IN
114700,Fresno,California State University-Fresno,www.csufresno.edu,CA
157400,Atlanta,Georgia State University,www.gsu.edu,GA
328500,Lancaster,Lancaster Bible College,www.LBC.edu,PA
344100,Tigerville,North Greenville University,www.ngu.edu,SC
362300,San Antonio,St Mary's University,www.stmarytx.edu/,TX
317400,Goodwell,Oklahoma Panhandle State University,www.opsu.edu,OK
103600,Birmingham,Samford University,www.samford.edu,AL
210500,Baltimore,University of Maryland-Baltimore County,www.umbc.edu,MD
370200,Danville,Averett University,www.averett.edu,VA
182700,Hammond,Purdue University-Calumet Campus,www.purduecal.edu/,IN
291600,Murfreesboro,Chowan University,www.chowan.edu/,NC
173400,Naperville,North Central College,northcentralcollege.edu,IL
321100,Klamath Falls,Oregon Institute of Technology,www.oit.edu,OR
115500,San Jose,San Jose State University,www.sjsu.edu,CA
296000,Winston-Salem,Salem College,www.salem.edu/,NC
3957400,Sarasota,New College of Florida,www.ncf.edu,FL
178600,Muncie,Ball State University,www.bsu.edu,IN
247300,Kansas City,Kansas City Art Institute,www.kcai.edu,MO
351900,Memphis,Rhodes College,www.rhodes.edu,TN
132500,San Francisco,University of San Francisco,https://www.usfca.edu,CA
298600,Winston-Salem,Winston-Salem State University,www.wssu.edu,NC
255300,Fremont,Midland University,www.midlandu.edu,NE
754000,Saint Louis,Missouri Baptist University,www.mobap.edu,MO
373300,Ashland,Randolph-Macon College,www.rmc.edu,VA
262901,Camden,Rutgers University-Camden,www.rutgers.edu,NJ
169600,Bloomington,Illinois Wesleyan University,www.iwu.edu,IL
137800,New Britain,Central Connecticut State University,www.ccsu.edu,CT
370800,Harrisonburg,Eastern Mennonite University,www.emu.edu,VA
316400,Shawnee,Oklahoma Baptist University,www.okbu.edu,OK
262900,New Brunswick,Rutgers University-New Brunswick,www.rutgers.edu/,NJ
245300,Fayette,Central Methodist University-College of Liberal Arts and Sciences,www.centralmethodist.edu/,MO
984100,Jacksonville,University of North Florida,www.unf.edu,FL
343200,Due West,Erskine College,www.erskine.edu,SC
175000,River Forest,Dominican University,www.dom.edu/,IL
141600,Bridgeport,University of Bridgeport,www.bridgeport.edu,CT
196900,Owensboro,Kentucky Wesleyan College,WWW.KWC.EDU,KY
297600,Greensboro,University of North Carolina at Greensboro,www.uncg.edu,NC
381800,Charleston,University of Charleston,www.ucwv.edu,WV
223500,Albion,Albion College,www.albion.edu,MI
155400,Mount Berry,Berry College,www.berry.edu,GA
113300,Thousand Oaks,California Lutheran University,www.callutheran.edu/,CA
298900,Dickinson,Dickinson State University,www.dickinsonstate.edu,ND
367800,Cedar City,Southern Utah University,www.suu.edu/,UT
347700,Nashville,Aquinas College,www.aquinascollege.edu,TN
200700,Pineville,Louisiana College,www.lacollege.edu,LA
114000,Los Angeles,California State University-Los Angeles,www.calstatela.edu,CA
250600,Saint Louis,Saint Louis University,www.slu.edu,MO
172200,Lebanon,McKendree University,www.mckendree.edu/prospective/admissions/index.aspx,IL
210600,Princess Anne,University of Maryland Eastern Shore,www.umes.edu,MD
345800,Sioux Falls,Augustana University,www.augie.edu,SD
219000,Worcester,Worcester State University,www.worcester.edu,MA
986200,Omaha,Clarkson College,www.clarksoncollege.edu/,NE
191800,Wichita,Friends University,www.friends.edu,KS
222100,Amherst,University of Massachusetts-Amherst,www.umass.edu,MA
359100,Abilene,McMurry University,ww2.mcm.edu,TX
365600,Arlington,The University of Texas at Arlington,WWW.UTA.EDU,TX
108800,Batesville,Lyon College,www.lyon.edu,AR
230800,Olivet,Olivet College,www.olivetcollege.edu,MI
192900,Salina,Kansas Wesleyan University,www.kwu.edu,KS
284200,Buffalo,SUNY Buffalo State,suny.buffalostate.edu/,NY
146900,Melbourne,Florida Institute of Technology,www.fit.edu,FL
933300,Springfield,University of Illinois at Springfield,www.uis.edu,IL
218100,Buzzards Bay,Massachusetts Maritime Academy,www.maritime.edu,MA
273200,Hempstead,Hofstra University,www.hofstra.edu,NY
359200,Wichita Falls,Midwestern State University,www.mwsu.edu,TX
184600,Sioux City,Briar Cliff University,www.briarcliff.edu,IA
337100,Philadelphia,Temple University,www.temple.edu,PA
3011300,San Marcos,California State University-San Marcos,www.csusm.edu,CA
250200,Bolivar,Southwest Baptist University,www.sbuniv.edu,MO
134200,Whittier,Whittier College,www.whittier.edu,CA
223400,Adrian,Adrian College,www.adrian.edu,MI
277700,Buffalo,Medaille College,www.medaille.edu,NY
170700,Romeoville,Lewis University,www.lewisu.edu,IL
147300,Clearwater,Clearwater Christian College,www.clearwater.edu,FL
382721,Montgomery,West Virginia University Institute of Technology,www.wvutech.edu,WV
974100,Richardson,The University of Texas at Dallas,www.utdallas.edu,TX
216100,Lowell,University of Massachusetts-Lowell,www.uml.edu,MA
110800,Fayetteville,University of Arkansas,www.uark.edu,AR
210200,Baltimore,University of Baltimore,www.ubalt.edu,MD
380800,Bethany,Bethany College,www.bethanywv.edu,WV
304900,Hiram,Hiram College,WWW.HIRAM.EDU,OH
294400,Mars Hill,Mars Hill University,www.mhu.edu,NC
269900,Potsdam,Clarkson University,www.clarkson.edu,NY
325900,Saint Davids,Eastern University,www.eastern.edu/about/student-consumer-information,PA
218500,Framingham,Framingham State University,www.framingham.edu/index.html,MA
210700,Stevenson,Stevenson University,www.stevenson.edu,MD
710900,Old Westbury,SUNY College at Old Westbury,www.oldwestbury.edu,NY
348100,Jefferson City,Carson-Newman University,www.cn.edu,TN
351100,Milligan College,Milligan College,www.milligan.edu,TN
212300,Worcester,Becker College,www.becker.edu,MA
282300,Queens,St John's University-New York,www.stjohns.edu,NY
258600,Nashua,Rivier University,www.rivier.edu,NH
383100,Wheeling,Wheeling Jesuit University,www.wju.edu,WV
290600,Boone,Appalachian State University,www.appstate.edu/,NC
232600,Dearborn,University of Michigan-Dearborn,www.umd.umich.edu/,MI
315100,Bartlesville,Oklahoma Wesleyan University,www.okwu.edu,OK
172400,Decatur,Millikin University,https://www.millikin.edu,IL
262902,Newark,Rutgers University-Newark,www.rutgers.edu,NJ
109800,Arkadelphia,Henderson State University,www.hsu.edu,AR
359900,Edinburg,The University of Texas Rio Grande Valley,www.utrgv.edu,TX
271300,Orangeburg,Dominican College of Blauvelt,www.dc.edu,NY
252400,Liberty,William Jewell College,www.jewell.edu,MO
295300,Raleigh,William Peace University,www.peace.edu,NC
322400,Portland,University of Portland,www.up.edu,OR
365200,Houston,University of Houston,www.uh.edu/,TX
239400,Winona,Winona State University,www.winona.edu,MN
241500,Clinton,Mississippi College,www.mc.edu,MS
212200,Longmeadow,Bay Path University,www.baypath.edu,MA
265100,Portales,Eastern New Mexico University-Main Campus,www.enmu.edu,NM
157200,Statesboro,Georgia Southern University,www.georgiasouthern.edu,GA
171000,Chicago,Loyola University Chicago,www.luc.edu,IL
262100,Newark,New Jersey Institute of Technology,www.njit.edu/,NJ
259700,Bloomfield,Bloomfield College,www.bloomfield.edu/,NJ
387500,Ashland,Northland College,www.northland.edu,WI
238900,Morris,University of Minnesota-Morris,www.morris.umn.edu/,MN
345100,Conway,Coastal Carolina University,www.coastal.edu,SC
253400,Billings,Rocky Mountain College,rocky.edu,MT
3101900,Jacksonville,Trinity Baptist College,www.tbc.edu,FL
146700,Daytona Beach,Bethune-Cookman University,www.cookman.edu,FL
181100,Richmond,Indiana University-East,www.iue.edu/,IN
141705,Groton,University of Connecticut-Avery Point,uconn.edu/,CT
259800,Caldwell,Caldwell University,www.caldwell.edu,NJ
335400,Philadelphia,Philadelphia University,www.philau.edu,PA
316500,Edmond,Oklahoma Christian University,www.oc.edu,OK
278200,Old Westbury,New York Institute of Technology,www.nyit.edu,NY
297500,Charlotte,University of North Carolina at Charlotte,www.uncc.edu,NC
368400,Burlington,Champlain College,www.champlain.edu,VT
319300,La Grande,Eastern Oregon University,www.eou.edu,OR
294200,Salisbury,Livingstone College,www.livingstone.edu,NC
251800,Kansas City,University of Missouri-Kansas City,www.umkc.edu/,MO
234600,Moorhead,Concordia College at Moorhead,www.concordiacollege.edu,MN
164100,Peoria,Bradley University,www.bradley.edu,IL
2136600,Milwaukee,Wisconsin Lutheran College,wlc.edu,WI
299000,Jamestown,University of Jamestown,www.uj.edu,ND
236500,Minneapolis,Minneapolis College of Art and Design,MCAD.EDU,MN
180100,Hanover,Hanover College,www.hanover.edu,IN
167800,Eureka,Eureka College,www.eureka.edu,IL
246300,Springfield,Evangel University,www.evangel.edu,MO
306900,Sylvania,Lourdes University,www.lourdes.edu,OH
304100,Defiance,Defiance College,www.defiance.edu,OH
934500,Galloway,Stockton University,www.stockton.edu,NJ
3724300,Redmond,DigiPen Institute of Technology,www.digipen.edu,WA
331300,Chester,Widener University-Main Campus,www.widener.edu,PA
200800,Ruston,Louisiana Tech University,www.latech.edu,LA
162400,Nampa,Northwest Nazarene University,www.nnu.edu,ID
223900,Grand Rapids,Aquinas College,www.aquinas.edu,MI
163900,Carlinville,Blackburn College,www.blackburn.edu,IL
136000,Denver,Metropolitan State University of Denver,www.msudenver.edu/,CO
383200,Milwaukee,Alverno College,www.alverno.edu,WI
344800,Columbia,University of South Carolina-Columbia,www.sc.edu/,SC
208300,Baltimore,Morgan State University,www.morgan.edu,MD
134500,Alamosa,Adams State University,www.adams.edu,CO
144300,Washington,Gallaudet University,www.gallaudet.edu,DC
359400,Denton,University of North Texas,www.unt.edu,TX
303000,Circleville,Ohio Christian University,www.ohiochristian.edu,OH
337903,Bradford,University of Pittsburgh-Bradford,www.upb.pitt.edu/,PA
340700,Providence,Rhode Island College,www.ric.edu,RI
344900,Aiken,University of South Carolina-Aiken,web.usca.edu,SC
313400,Pepper Pike,Ursuline College,www.ursuline.edu,OH
200300,Shreveport,Centenary College of Louisiana,www.centenary.edu,LA
376500,Norfolk,Norfolk State University,www.nsu.edu,VA
372100,Harrisonburg,James Madison University,www.jmu.edu/,VA
919200,Incline Village,Sierra Nevada College,www.sierranevada.edu,NV
369200,Northfield,Norwich University,www.norwich.edu,VT
141704,Waterbury,University of Connecticut-Tri-Campus,uconn.edu/,CT
307700,Oxford,Miami University-Oxford,www.miamioh.edu,OH
278800,Niagara University,Niagara University,www.niagara.edu,NY
281600,Loudonville,Siena College,www.siena.edu,NY
2066200,New York,The New School,www.newschool.edu/,NY
140200,Hamden,Quinnipiac University,www.quinnipiac.edu,CT
274800,Syracuse,Le Moyne College,www.lemoyne.edu,NY
115400,San Francisco,San Francisco State University,www.sfsu.edu,CA
332700,Slippery Rock,Slippery Rock University of Pennsylvania,www.sru.edu,PA
203200,New Orleans,Xavier University of Louisiana,www.xula.edu,LA
148100,Boca Raton,Florida Atlantic University,www.fau.edu/,FL
229000,East Lansing,Michigan State University,www.msu.edu,MI
364400,Lubbock,Texas Tech University,www.ttu.edu,TX
234300,Duluth,The College of Saint Scholastica,www.css.edu,MN
316300,Alva,Northwestern Oklahoma State University,www.nwosu.edu,OK
196200,Williamsburg,University of the Cumberlands,www.ucumberlands.edu,KY
2270600,San Dimas,Life Pacific College,www.lifepacific.edu,CA
252300,Fulton,Westminster College,WWW.WESTMINSTER-MO.EDU,MO
183300,Rensselaer,Saint Josephs College,www.saintjoe.edu,IN
125100,Los Angeles,Otis College of Art and Design,www.otis.edu,CA
180400,Indianapolis,University of Indianapolis,uindy.edu,IN
381200,Fairmont,Fairmont State University,www.fairmontstate.edu/,WV
275800,Riverdale,Manhattan College,www.manhattan.edu,NY
2141500,Savannah,Savannah College of Art and Design,www.scad.edu,GA
236000,Mankato,Minnesota State University-Mankato,www.mnsu.edu,MN
125300,Fresno,Fresno Pacific University,www.fresno.edu,CA
231800,Spring Arbor,Spring Arbor University,www.arbor.edu,MI
374900,Fairfax,George Mason University,www.gmu.edu,VA
999200,Bemidji,Oak Hills Christian College,www.oakhills.edu,MN
352500,Athens,Tennessee Wesleyan College,www.twcnet.edu,TN
386300,Milwaukee,Marquette University,www.marquette.edu,WI
158000,Macon,Mercer University,www.mercer.edu,GA
244100,Hattiesburg,University of Southern Mississippi,www.usm.edu,MS
372000,Lynchburg,Lynchburg College,www.lynchburg.edu,VA
261700,Montclair,Montclair State University,www.montclair.edu,NJ
208600,Emmitsburg,Mount St Mary's University,www.msmary.edu,MD
237500,Marshall,Southwest Minnesota State University,www.smsu.edu,MN
398200,Cleveland,Cleveland Institute of Art,www.cia.edu,OH
230700,Rochester Hills,Oakland University,www.oakland.edu,MI
292900,Boiling Springs,Gardner-Webb University,www.gardner-webb.edu,NC
332916,Sharon,Pennsylvania State University-Penn State Shenango,shenango.psu.edu,PA
4127100,Merced,University of California-Merced,www.ucmerced.edu,CA
234200,Saint Paul,St Catherine University,www.stkate.edu,MN
181400,Kokomo,Indiana University-Kokomo,www.iuk.edu,IN
712100,Ankeny,Faith Baptist Bible College and Theological Seminary,www.faith.edu,IA
288500,Albany,Albany College of Pharmacy and Health Sciences,www.acphs.edu,NY
366500,Canyon,West Texas A & M University,www.wtamu.edu,TX
388400,Ripon,Ripon College,www.ripon.edu,WI
162600,Moscow,University of Idaho,www.uidaho.edu,ID
377800,Spokane,Gonzaga University,www.gonzaga.edu,WA
316700,Chickasha,University of Science and Arts of Oklahoma,www.usao.edu,OK
211400,Springfield,American International College,www.aic.edu,MA
167600,Elmhurst,Elmhurst College,www.elmhurst.edu,IL
316600,Oklahoma City,Oklahoma City University,www.okcu.edu,OK
143100,Newark,University of Delaware,www.udel.edu/,DE
220100,Chestnut Hill,Pine Manor College,www.pmc.edu,MA
101600,Florence,University of North Alabama,www.una.edu,AL
184700,Storm Lake,Buena Vista University,www.bvu.edu,IA
282100,Rochester,Saint John Fisher College,www.sjfc.edu,NY
233400,Minneapolis,Augsburg College,www.augsburg.edu,MN
154600,Savannah,Armstrong State University,www.armstrong.edu,GA
260800,Lakewood,Georgian Court University,georgian.edu/,NJ
291300,Buies Creek,Campbell University,www.campbell.edu,NC
178800,Indianapolis,Butler University,www.butler.edu,IN
219300,Newton,Mount Ida College,www.mountida.edu,MA
352800,Jackson,Union University,www.uu.edu,TN
308900,Ada,Ohio Northern University,www.onu.edu/,OH
386800,Milwaukee,Milwaukee School of Engineering,www.msoe.edu,WI
214400,Franklin,Dean College,www.dean.edu,MA
195200,Wilmore,Asbury University,www.asbury.edu,KY
332500,Millersville,Millersville University of Pennsylvania,www.millersville.edu,PA
336600,Loretto,Saint Francis University,www.francis.edu,PA
2065300,Prescott,Prescott College,www.prescott.edu,AZ
280500,Rochester,Roberts Wesleyan College,WWW.Roberts.edu,NY
271200,Buffalo,D'Youville College,www.dyc.edu,NY
374700,Wise,The University of Virginia's College at Wise,https://www.uvawise.edu/,VA
226600,Grand Rapids,Cornerstone University,www.cornerstone.edu,MI
189500,Forest City,Waldorf College,www.waldorf.edu,IA
225900,Ypsilanti,Eastern Michigan University,www.emich.edu,MI
185000,Pella,Central College,www.central.edu,IA
703200,Olathe,MidAmerica Nazarene University,www.mnu.edu,KS
172500,Monmouth,Monmouth College,www.monmouthcollege.edu,IL
232300,Detroit,University of Detroit Mercy,www.udmercy.edu,MI
754400,Mount Hope,Appalachian Bible College,www.abc.edu,WV
391100,La Crosse,Viterbo University,www.viterbo.edu,WI
175300,Chicago,School of the Art Institute of Chicago,www.saic.edu,IL
178100,Wheaton,Wheaton College,www.wheaton.edu,IL
159100,Rome,Shorter University,www.shorter.edu,GA
179800,Franklin,Franklin College,www.franklincollege.edu,IN
291000,Belmont,Belmont Abbey College,www.belmontabbeycollege.edu,NC
186000,Des Moines,Drake University,www.drake.edu,IA
224300,Mount Pleasant,Central Michigan University,www.cmich.edu,MI
214700,Boston,Emmanuel College,www.emmanuel.edu,MA
373600,Salem,Roanoke College,www.roanoke.edu,VA
321600,Portland,Portland State University,www.pdx.edu,OR
306600,Painesville,Lake Erie College,www.lec.edu,OH
266800,Alfred,Alfred University,www.alfred.edu,NY
307300,Marietta,Marietta College,www.marietta.edu,OH
407200,Midland,Northwood University-Michigan,www.northwood.edu,MI
158500,Dahlonega,University of North Georgia,www.ung.edu,GA
337600,Greenville,Thiel College,www.thiel.edu,PA
126200,San Diego,Point Loma Nazarene University,www.pointloma.edu,CA
190300,Baldwin City,Baker University,www.bakeru.edu,KS
237100,Saint Paul,University of Northwestern-St Paul,www.unwsp.edu,MN
335000,Philadelphia,The University of the Arts,www.uarts.edu,PA
235400,Saint Paul,Hamline University,www.hamline.edu,MN
265700,Las Cruces,New Mexico State University-Main Campus,www.nmsu.edu/,NM
157300,Americus,Georgia Southwestern State University,https://gsw.edu/,GA
178000,Macomb,Western Illinois University,www.wiu.edu,IL
227500,Kalamazoo,Kalamazoo College,www.kzoo.edu,MI
254800,Hastings,Hastings College,www.hastings.edu,NE
256500,Lincoln,University of Nebraska-Lincoln,www.unl.edu/,NE
189300,Fayette,Upper Iowa University,www.uiu.edu,IA
184400,Crawfordsville,Wabash College,www.wabash.edu,IN
258901,Manchester,University of New Hampshire at Manchester,manchester.unh.edu,NH
260300,Madison,Drew University,www.drew.edu,NJ
262200,Union,Kean University,www.kean.edu,NJ
4095300,New York,The King’s College,www.tkc.edu,NY
281700,Saint Bonaventure,St Bonaventure University,www.sbu.edu,NY
241000,Jackson,Jackson State University,www.jsums.edu,MS
110600,Walnut Ridge,Williams Baptist College,www.wbcoll.edu,AR
181300,Indianapolis,Indiana University-Purdue University-Indianapolis,www.iupui.edu,IN
185200,Dubuque,Clarke University,www.clarke.edu,IA
143600,Laurel,Capitol Technology University,www.captechu.edu,MD
180500,Fort Wayne,Indiana Institute of Technology,www.indianatech.edu,IN
218800,Salem,Salem State University,www.salemstate.edu,MA
110200,Arkadelphia,Ouachita Baptist University,www.obu.edu,AR
245800,Nevada,Cottey College,www.cottey.edu,MO
231100,Grand Rapids,Kuyper College,www.kuyper.edu,MI
282500,Brooklyn,Saint Joseph's College-New York,www.sjcny.edu,NY
335700,Pittsburgh,Point Park University,www.pointpark.edu,PA
326200,Elizabethtown,Elizabethtown College,www.etown.edu,PA
350500,Maryville,Maryville College,www.maryvillecollege.edu,TN
221100,Springfield,Springfield College,www.springfield.edu/,MA
134900,Greeley,University of Northern Colorado,www.unco.edu,CO
262800,Lawrenceville,Rider University,www.rider.edu,NJ
114600,Chico,California State University-Chico,www.csuchico.edu,CA
242300,Mississippi State,Mississippi State University,www.msstate.edu,MS
363200,College Station,Texas A & M University-College Station,www.tamu.edu,TX
326700,Beaver Falls,Geneva College,www.geneva.edu,PA
187400,Decorah,Luther College,www.luther.edu,IA
345600,Rock Hill,Winthrop University,www.winthrop.edu,SC
161100,Hilo,University of Hawaii at Hilo,hilo.hawaii.edu,HI
180800,Evansville,University of Southern Indiana,www.usi.edu,IN
110700,Magnolia,Southern Arkansas University Main Campus,WWW.SAUMAG.EDU,AR
324700,Dallas,Misericordia University,www.misericordia.edu,PA
216000,Cambridge,Lesley University,www.lesley.edu,MA
341800,Anderson,Anderson University,www.andersonuniversity.edu,SC
140600,New Haven,Southern Connecticut State University,www.southernct.edu,CT
196100,Danville,Centre College,www.centre.edu,KY
226200,Flint,Kettering University,WWW.KETTERING.EDU,MI
383900,Kenosha,Carthage College,www.carthage.edu,WI
370900,Emory,Emory & Henry College,www.ehc.edu,VA
307200,Canton,Malone University,www.malone.edu,OH
297900,Swannanoa,Warren Wilson College,www.warren-wilson.edu,NC
323000,Meadville,Allegheny College,www.allegheny.edu,PA
320800,Eugene,Northwest Christian University,www.nwcu.edu/,OR
336800,Latrobe,Saint Vincent College,www.stvincent.edu,PA
352700,Greeneville,Tusculum College,www.tusculum.edu,TN
204300,Bangor,Husson University,www.husson.edu,ME
406900,Crookston,University of Minnesota-Crookston,www1.crk.umn.edu/,MN
304500,Findlay,The University of Findlay,www.findlay.edu/,OH
223600,Alma,Alma College,alma.edu,MI
102400,Livingston,University of West Alabama,www.uwa.edu,AL
248200,Saint Louis,Maryville University of Saint Louis,www.maryville.edu,MO
252100,Saint Louis,Webster University,www.webster.edu,MO
351000,Murfreesboro,Middle Tennessee State University,www.mtsu.edu,TN
230100,Marquette,Northern Michigan University,www.nmu.edu,MI
142200,West Hartford,University of Hartford,www.hartford.edu,CT
198900,Lexington,University of Kentucky,www.uky.edu,KY
329300,Williamsport,Lycoming College,www.lycoming.edu,PA
218700,North Adams,Massachusetts College of Liberal Arts,www.mcla.edu,MA
218400,Fitchburg,Fitchburg State University,www.fitchburgstate.edu,MA
346500,Yankton,Mount Marty College,www.mtmc.edu,SD
382300,West Liberty,West Liberty University,www.westliberty.edu/,WV
109000,Jonesboro,Arkansas State University-Main Campus,www2.astate.edu,AR
266600,Garden City,Adelphi University,www.adelphi.edu/,NY
182600,Westville,Purdue University-North Central Campus,www.pnc.edu,IN
301200,Ashland,Ashland University,https://www.ashland.edu,OH
3106200,Baton Rouge,Our Lady of the Lake College,www.ololcollege.edu,LA
375400,Blacksburg,Virginia Polytechnic Institute and State University,WWW.VT.EDU,VA
115000,Sacramento,California State University-Sacramento,www.csus.edu,CA
254200,Omaha,Creighton University,www.creighton.edu,NE
195900,Campbellsville,Campbellsville University,www.campbellsville.edu,KY
148700,Saint Petersburg,Eckerd College,www.eckerd.edu,FL
302300,Columbus,Capital University,www.capital.edu,OH
361500,San Marcos,Texas State University,www.txstate.edu,TX
371900,Farmville,Longwood University,www.longwood.edu,VA
218000,Boston,Massachusetts College of Art and Design,www.massart.edu,MA
202100,Natchitoches,Northwestern State University of Louisiana,www.nsula.edu/,LA
450800,Denver,University of Colorado Denver/Anschutz Medical Campus,www.ucdenver.edu/,CO
185900,Sioux Center,Dordt College,www.dordt.edu,IA
325800,Pittsburgh,Duquesne University,www.duq.edu,PA
352600,Nashville,Trevecca Nazarene University,www.trevecca.edu,TN
132200,Redlands,University of Redlands,www.redlands.edu,CA
293000,Greensboro,Greensboro College,www.greensboro.edu,NC
170000,Elgin,Judson University,www.judsonu.edu,IL
224100,Grand Rapids,Calvin College,www.calvin.edu,MI
290700,Asheville,University of North Carolina at Asheville,www.unca.edu,NC
314400,Cincinnati,Xavier University,www.xavier.edu,OH
295400,Pembroke,University of North Carolina at Pembroke,www.uncp.edu,NC
327500,Philadelphia,Holy Family University,www.holyfamily.edu,PA
371100,Ferrum,Ferrum College,www.ferrum.edu,VA
181600,South Bend,Indiana University-South Bend,https://iusb.edu/,IN
285600,Cobleskill,SUNY College of Agriculture and Technology at Cobleskill,www.cobleskill.edu/,NY
353100,Martin,The University of Tennessee-Martin,www.utm.edu,TN
379000,Seattle,Seattle University,www.seattleu.edu,WA
346100,Mitchell,Dakota Wesleyan University,www.dwu.edu,SD
369600,Burlington,University of Vermont,www.uvm.edu,VT
276900,New York,Marymount Manhattan College,www.mmm.edu,NY
308300,Alliance,University of Mount Union,www.mountunion.edu,OH
185600,Mount Vernon,Cornell College,www.cornellcollege.edu,IA
360600,Huntsville,Sam Houston State University,www.shsu.edu/,TX
199900,Louisville,University of Louisville,www.louisville.edu,KY
196300,Richmond,Eastern Kentucky University,www.eku.edu,KY
169200,Normal,Illinois State University,illinoisstate.edu/,IL
3071900,Columbus,Mount Carmel College of Nursing,www.mccn.edu,OH
143700,Washington,Catholic University of America,www.cua.edu,DC
330200,Cresson,Mount Aloysius College,www.mtaloy.edu/,PA
296800,Raleigh,Saint Augustine's University,www.st-aug.edu,NC
329600,Scranton,Marywood University,www.marywood.edu/,PA
261600,West Long Branch,Monmouth University,www.monmouth.edu,NJ
746600,New York,LIM College,www.limcollege.edu,NY
238000,Winona,Saint Mary's University of Minnesota,www.smumn.edu,MN
310000,Athens,Ohio University-Main Campus,www.ohio.edu,OH
182000,North Manchester,Manchester University,www.manchester.edu,IN
100400,Montevallo,University of Montevallo,www.montevallo.edu,AL
350200,Harrogate,Lincoln Memorial University,www.lmunet.edu,TN
377500,Cheney,Eastern Washington University,www.ewu.edu,WA
246100,Springfield,Drury University,www.drury.edu,MO
177600,Chicago,University of Illinois at Chicago,www.uic.edu,IL
249500,Kirksville,Truman State University,www.truman.edu,MO
174100,Bourbonnais,Olivet Nazarene University,www.olivet.edu,IL
302500,Cedarville,Cedarville University,www.cedarville.edu,OH
337904,Greensburg,University of Pittsburgh-Greensburg,www.greensburg.pitt.edu/,PA
218900,Westfield,Westfield State University,www.westfield.ma.edu,MA
262500,Wayne,William Paterson University of New Jersey,www.wpunj.edu,NJ
204100,Fort Kent,University of Maine at Fort Kent,www.umfk.maine.edu,ME
324500,Philadelphia,Chestnut Hill College,www.chc.edu,PA
270900,Bronxville,Concordia College-New York,www.concordia-ny.edu,NY
332914,Schuylkill Haven,Pennsylvania State University-Penn State Schuylkill,www.sl.psu.edu,PA
323300,Reading,Alvernia University,www.alvernia.edu,PA
353000,Knoxville,The University of Tennessee-Knoxville,www.utk.edu,TN
150500,Boca Raton,Lynn University,www.lynn.edu,FL
322300,Eugene,University of Oregon,www.uoregon.edu,OR
317000,Stillwater,Oklahoma State University-Main Campus,www.okstate.edu/,OK
648700,Canton,Aultman College of Nursing and Health Sciences,www.aultmancollege.edu,OH
316100,Tahlequah,Northeastern State University,www.nsuok.edu,OK
378500,Tacoma,Pacific Lutheran University,www.plu.edu,WA
298500,Wingate,Wingate University,www.wingate.edu,NC
304800,Tiffin,Heidelberg University,www.heidelberg.edu,OH
201700,Lake Charles,McNeese State University,www.mcneese.edu,LA
324100,Radnor,Cabrini University,www.cabrini.edu,PA
311000,Westerville,Otterbein University,www.otterbein.edu,OH
373500,Richmond,Virginia Commonwealth University,www.vcu.edu/,VA
112200,La Mirada,Biola University,www.biola.edu,CA
277500,Rockville Centre,Molloy College,www.molloy.edu,NY
384200,Mequon,Concordia University-Wisconsin,www.cuw.edu,WI
229200,Houghton,Michigan Technological University,www.mtu.edu,MI
263200,South Orange,Seton Hall University,www.shu.edu,NJ
342300,Charleston,Citadel Military College of South Carolina,www.citadel.edu,SC
648900,Cincinnati,The Christ College of Nursing and Health Sciences,www.thechristcollege.edu,OH
325200,Doylestown,Delaware Valley University,www.delval.edu,PA
251900,Saint Louis,University of Missouri-St Louis,www.umsl.edu/,MO
312500,Cincinnati,University of Cincinnati-Main Campus,www.uc.edu,OH
128100,Rocklin,William Jessup University,WWW.JESSUP.EDU,CA
155600,Gainesville,Brenau University,www.brenau.edu,GA
332910,McKeesport,Pennsylvania State University-Penn State Greater Allegheny,ga.psu.edu,PA
122000,Santa Clarita,The Master's College and Seminary,www.masters.edu,CA
1011500,San Antonio,The University of Texas at San Antonio,www.utsa.edu/,TX
327600,Immaculata,Immaculata University,www.immaculata.edu,PA
130200,Moraga,Saint Mary's College of California,www.stmarys-ca.edu,CA
708500,Mount Vernon,Mount Vernon Nazarene University,www.mvnu.edu,OH
183900,Angola,Trine University,www.trine.edu,IN
325600,Philadelphia,Drexel University,www.drexel.edu,PA
180900,Bloomington,Indiana University-Bloomington,www.iub.edu,IN
332915,Dunmore,Pennsylvania State University-Penn State Worthington Scranton,worthingtonscranton.psu.edu/,PA
210900,Westminster,McDaniel College,www.mcdaniel.edu,MD
123800,Oakland,Mills College,www.mills.edu,CA
335900,Moon Township,Robert Morris University,www.rmu.edu,PA
384800,Madison,Edgewood College,www.edgewood.edu,WI
160200,Milledgeville,Georgia College and State University,WWW.GCSU.EDU,GA
391900,La Crosse,University of Wisconsin-La Crosse,www.uwlax.edu,WI
252500,Fulton,William Woods University,www.williamwoods.edu,MO
215800,Newton,Lasell College,www.lasell.edu/,MA
248500,Kansas City,Midwestern Baptist Theological Seminary,https://www.mbts.edu,MO
327000,Gwynedd Valley,Gwynedd Mercy University,www.gmercyu.edu/,PA
308400,New Concord,Muskingum University,www.muskingum.edu/,OH
137100,Denver,University of Denver,www.du.edu,CO
192700,Emporia,Emporia State University,www.emporia.edu,KS
381500,Huntington,Marshall University,www.marshall.edu/,WV
157900,Augusta,Augusta University,www.augusta.edu,GA
114900,Arcata,Humboldt State University,www.humboldt.edu,CA
249600,Maryville,Northwest Missouri State University,www.nwmissouri.edu,MO
148200,Temple Terrace,Florida College,www.floridacollege.edu,FL
261300,Jersey City,New Jersey City University,www.njcu.edu,NJ
254100,Seward,Concordia University-Nebraska,www.cune.edu,NE
201000,Baton Rouge,Louisiana State University and Agricultural & Mechanical College,www.lsu.edu,LA
201300,Shreveport,Louisiana State University-Shreveport,www.lsus.edu/,LA
374600,Fredericksburg,University of Mary Washington,www.umw.edu,VA
108102,Mesa,Arizona State University-Polytechnic,www.asu.edu/,AZ
386100,Fond Du Lac,Marian University,www.marianuniversity.edu,WI
746800,New York,School of Visual Arts,www.sva.edu,NY
181500,Gary,Indiana University-Northwest,www.iun.edu,IN
238800,Duluth,University of Minnesota-Duluth,www.d.umn.edu/,MN
341400,Kingston,University of Rhode Island,www.uri.edu/,RI
221000,North Dartmouth,University of Massachusetts-Dartmouth,www.umassd.edu,MA
249900,Kansas City,Rockhurst University,www.rockhurst.edu,MO
161600,Boise,Boise State University,www.boisestate.edu,ID
316800,Claremore,Rogers State University,www.rsu.edu,OK
282000,Brooklyn Heights,St Francis College,www.sfc.edu,NY
176700,Lisle,Benedictine University,www.ben.edu,IL
202000,Monroe,University of Louisiana at Monroe,www.ulm.edu,LA
154100,Tifton,Abraham Baldwin Agricultural College,www.abac.edu,GA
338400,Scranton,University of Scranton,www.scranton.edu,PA
292300,Greenville,East Carolina University,www.ecu.edu,NC
352900,Chattanooga,The University of Tennessee-Chattanooga,www.utc.edu,TN
232900,Detroit,Wayne State University,www.wayne.edu,MI
321900,Ashland,Southern Oregon University,www.sou.edu,OR
345700,Spartanburg,Wofford College,www.wofford.edu,SC
227300,Holland,Hope College,www.hope.edu,MI
383000,Buckhannon,West Virginia Wesleyan College,www.wvwc.edu,WV
159000,Savannah,Savannah State University,www.savannahstate.edu/,GA
174900,Chicago,Roosevelt University,www.roosevelt.edu,IL
251600,Columbia,University of Missouri-Columbia,missouri.edu/,MO
326600,Erie,Gannon University,www.gannon.edu,PA
233700,Mankato,Bethany Lutheran College,www.blc.edu,MN
117900,Belmont,Notre Dame de Namur University,www.ndnu.edu,CA
189000,Cedar Falls,University of Northern Iowa,www.uni.edu,IA
319400,Newberg,George Fox University,www.georgefox.edu,OR
321000,Corvallis,Oregon State University,oregonstate.edu,OR
108101,Glendale,Arizona State University-West,www.asu.edu/,AZ
188300,Orange City,Northwestern College,www.nwciowa.edu/,IA
189100,Dubuque,University of Dubuque,www.dbq.edu,IA
303600,Steubenville,Franciscan University of Steubenville,www.franciscan.edu,OH
245400,Warrensburg,University of Central Missouri,www.ucmo.edu,MO
332911,Mont Alto,Pennsylvania State University-Penn State Mont Alto,www.montalto.psu.edu/,PA
342800,Charleston,College of Charleston,www.cofc.edu,SC
255500,Lincoln,Nebraska Wesleyan University,www.nebrwesleyan.edu/,NE
158600,Atlanta,Oglethorpe University,www.oglethorpe.edu,GA
328700,Philadelphia,La Salle University,www.lasalle.edu,PA
124300,Los Angeles,Mount Saint Mary's University,www.msmu.edu,CA
362100,Austin,Saint Edward's University,https://www.stedwards.edu,TX
171700,Jacksonville,MacMurray College,www.mac.edu,IL
226000,Big Rapids,Ferris State University,www.ferris.edu/,MI
239600,Alcorn State,Alcorn State University,www.alcorn.edu,MS
295700,Charlotte,Queens University of Charlotte,www.queens.edu,NC
255400,Omaha,University of Nebraska at Omaha,www.unomaha.edu,NE
205100,Standish,Saint Joseph's College of Maine,www.sjcme.edu,ME
259000,Keene,Keene State College,www.keene.edu,NH
204400,Castine,Maine Maritime Academy,www.mainemaritime.edu,ME
339400,Wilkes-Barre,Wilkes University,www.wilkes.edu,PA
232700,Flint,University of Michigan-Flint,www.umflint.edu,MI
299200,Bismarck,University of Mary,www.umary.edu/,ND
317900,Durant,Southeastern Oklahoma State University,www.se.edu,OK
237900,Collegeville,Saint Johns University,www.csbsju.edu,MN
358100,Beaumont,Lamar University,www.lamar.edu,TX
161000,Honolulu,University of Hawaii at Manoa,manoa.hawaii.edu,HI
189600,Waverly,Wartburg College,www.wartburg.edu,IA
649400,Cincinnati,Good Samaritan College of Nursing and Health Science,www.GSCollege.edu,OH
108103,Phoenix,Arizona State University-Downtown Phoenix,www.asu.edu/,AZ
209500,St. Mary's City,St Mary's College of Maryland,www.smcm.edu,MD
373200,Radford,Radford University,www.radford.edu,VA
214000,Chicopee,College of Our Lady of the Elms,www.elms.edu,MA
365400,Houston,University of St Thomas,www.stthom.edu,TX
343000,Columbia,Columbia College,www.columbiasc.edu/,SC
157000,Marietta,Southern Polytechnic State University,www.spsu.edu/,GA
379802,Bothell,University of Washington-Bothell Campus,www.uwb.edu,WA
192600,Pittsburg,Pittsburg State University,www.pittstate.edu,KS
224600,Howell,Cleary University,www.cleary.edu,MI
379700,Tacoma,University of Puget Sound,www.pugetsound.edu,WA
218300,Bridgewater,Bridgewater State University,www.bridgew.edu,MA
332913,Abington,Pennsylvania State University-Penn State Abington,www.abington.psu.edu/,PA
254400,Crete,Doane University-Arts & Sciences,www.doane.edu,NE
134100,Santa Barbara,Westmont College,www.westmont.edu,CA
398600,Center Valley,DeSales University,www.desales.edu,PA
112500,Riverside,California Baptist University,www.calbaptist.edu,CA
332200,Kutztown,Kutztown University of Pennsylvania,www2.kutztown.edu/,PA
398500,Tulsa,Oral Roberts University,oru.edu,OK
3091300,Virginia Beach,Regent University,www.regent.edu,VA
358800,Belton,University of Mary Hardin-Baylor,www.umhb.edu,TX
197700,Murray,Murray State University,www.murraystate.edu,KY
231400,University Center,Saginaw Valley State University,www.svsu.edu,MI
140900,West Hartford,University of Saint Joseph,www.usj.edu,CT
329800,Mechanicsburg,Messiah College,www.messiah.edu,PA
115600,Rohnert Park,Sonoma State University,www.sonoma.edu,CA
258900,Durham,University of New Hampshire-Main Campus,www.unh.edu,NH
376400,Petersburg,Virginia State University,www.vsu.edu,VA
260700,Teaneck,Fairleigh Dickinson University-Metropolitan Campus,www.fdu.edu,NJ
180000,Winona Lake,Grace College and Theological Seminary,www.grace.edu,IN
222600,Springfield,Western New England University,www.wne.edu,MA
831000,Montgomery,Auburn University at Montgomery,www.aum.edu,AL
337902,Johnstown,University of Pittsburgh-Johnstown,www.upj.pitt.edu,PA
293300,High Point,High Point University,www.highpoint.edu,NC
268100,Buffalo,Canisius College,WWW.Canisius.edu,NY
181700,New Albany,Indiana University-Southeast,https://ius.edu/,IN
392000,Oshkosh,University of Wisconsin-Oshkosh,www.uwosh.edu,WI
226800,Allendale,Grand Valley State University,www.gvsu.edu,MI
321200,Forest Grove,Pacific University,www.pacificu.edu,OR
135000,Fort Collins,Colorado State University-Fort Collins,www.colostate.edu,CO
313500,North Canton,Walsh University,www.walsh.edu,OH
260701,Madison,Fairleigh Dickinson University-College at Florham,www.fdu.edu,NJ
2075800,Los Angeles,Southern California Institute of Architecture,www.sciarc.edu,CA
283200,Sparkill,St. Thomas Aquinas College,www.stac.edu,NY
383800,Waukesha,Carroll University,www.carrollu.edu,WI
139700,West Haven,University of New Haven,www.newhaven.edu,CT
318000,Bethany,Southwestern Christian University,www.swcu.edu,OK
119600,San Rafael,Dominican University of California,www.dominican.edu,CA
189200,Iowa City,University of Iowa,www.uiowa.edu,IA
342100,Greenville,Bob Jones University,www.bju.edu,SC
373400,Lynchburg,Randolph College,www.randolphcollege.edu,VA
332904,Monaca,Pennsylvania State University-Penn State Beaver,www.beaver.psu.edu/,PA
163400,Aurora,Aurora University,aurora.edu,IL
244000,University,University of Mississippi,www.olemiss.edu,MS
332912,New Kensington,Pennsylvania State University-Penn State New Kensington,nk.psu.edu/,PA
322700,Salem,Willamette University,www.willamette.edu,OR
318400,Norman,University of Oklahoma-Norman Campus,www.ou.edu,OK
367500,Salt Lake City,University of Utah,www.utah.edu,UT
332000,East Stroudsburg,East Stroudsburg University of Pennsylvania,www4.esu.edu/,PA
175800,Carbondale,Southern Illinois University-Carbondale,www.siu.edu,IL
389200,De Pere,Saint Norbert College,www.snc.edu,WI
392600,Whitewater,University of Wisconsin-Whitewater,www.uww.edu,WI
290300,New York,Yeshiva University,www.yu.edu,NY
111700,Azusa,Azusa Pacific University,www.apu.edu,CA
372800,Norfolk,Old Dominion University,www.odu.edu,VA
259900,Hackettstown,Centenary College,www.centenarycollege.edu,NJ
105500,Huntsville,University of Alabama in Huntsville,www.uah.edu,AL
332920,Middletown,Pennsylvania State University-Penn State Harrisburg,hbg.psu.edu/,PA
380000,Pullman,Washington State University,wsu.edu/,WA
357500,Brownwood,Howard Payne University,www.hputx.edu,TX
234100,Saint Joseph,College of Saint Benedict,www.csbsju.edu,MN
237700,Saint Cloud,Saint Cloud State University,www.stcloudstate.edu,MN
271800,Elmira,Elmira College,www.elmira.edu,NY
135800,Grand Junction,Colorado Mesa University,www.coloradomesa.edu,CO
184200,Valparaiso,Valparaiso University,www.valpo.edu,IN
354100,San Angelo,Angelo State University,www.angelo.edu,TX
180700,Terre Haute,Indiana State University,www.indstate.edu,IN
205300,Orono,University of Maine,www.umaine.edu/,ME
373700,Winchester,Shenandoah University,www.su.edu,VA
640400,Omaha,Nebraska Methodist College of Nursing & Allied Health,www.methodistcollege.edu,NE
198700,Lexington,Transylvania University,www.transy.edu,KY
720600,Cayey,University of Puerto Rico-Cayey,www.cayey.upr.edu,PR
222500,Boston,Wentworth Institute of Technology,WWW.WIT.EDU,MA
2358000,Santa Paula,Thomas Aquinas College,www.thomasaquinas.edu,CA
347900,Nashville,Belmont University,www.belmont.edu,TN
299700,Fargo,North Dakota State University-Main Campus,https://www.ndsu.edu,ND
109900,Conway,Hendrix College,www.hendrix.edu,AR
346600,Aberdeen,Northern State University,www.northern.edu,SD
305000,University Heights,John Carroll University,sites.jcu.edu/,OH
179500,Evansville,University of Evansville,www.evansville.edu/,IN
383700,Milwaukee,Cardinal Stritch University,www.stritch.edu,WI
275100,Brookville,LIU Post,liu.edu/CWPost,NY
332600,Shippensburg,Shippensburg University of Pennsylvania,www.ship.edu/,PA
102000,Jacksonville,Jacksonville State University,www.jsu.edu/,AL
314500,Youngstown,Youngstown State University,www.ysu.edu,OH
183600,Notre Dame,Saint Mary's College,www.saintmarys.edu,IN
105700,Mobile,University of South Alabama,www.southalabama.edu,AL
332918,York,Pennsylvania State University-Penn State York,www.yk.psu.edu/,PA
195400,Louisville,Bellarmine University,www.bellarmine.edu,KY
378800,Seattle,Seattle Pacific University,www.spu.edu,WA
349000,Nashville,Fisk University,www.fisk.edu,TN
100900,Auburn,Auburn University,www.auburn.edu,AL
339100,Waynesburg,Waynesburg University,www.waynesburg.edu,PA
363900,Kingsville,Texas A & M University-Kingsville,WWW.TAMUK.EDU,TX
1116300,Tyler,The University of Texas at Tyler,www.uttyler.edu/,TX
332908,Lemont Furnace,Pennsylvania State University-Penn State Fayette- Eberly,www.fe.psu.edu/,PA
391700,Eau Claire,University of Wisconsin-Eau Claire,www.uwec.edu,WI
202400,Hammond,Southeastern Louisiana University,www.southeastern.edu,LA
332917,Lehman,Pennsylvania State University-Penn State Wilkes-Barre,wb.psu.edu/,PA
253200,Bozeman,Montana State University,www.montana.edu/,MT
256800,Reno,University of Nevada-Reno,www.unr.edu/,NV
221800,Boston,Suffolk University,www.suffolk.edu,MA
205400,Portland,University of Southern Maine,www.usm.maine.edu,ME
372400,Arlington,Marymount University,www.marymount.edu,VA
216500,Boston,MCPHS University,www.mcphs.edu,MA
158200,Atlanta,Morehouse College,www.morehouse.edu,GA
233000,Kalamazoo,Western Michigan University,www.wmich.edu,MI
255100,Kearney,University of Nebraska at Kearney,www.unk.edu,NE
137000,Boulder,University of Colorado Boulder,www.colorado.edu,CO
261000,Lodi,Felician University,www.felician.edu,NJ
361200,Houston,University of Houston-Downtown,www.uhd.edu,TX
236700,Moorhead,Minnesota State University Moorhead,www.mnstate.edu,MN
346300,Madison,Dakota State University,dsu.edu,SD
303200,Cleveland,Cleveland State University,www.csuohio.edu/,OH
257500,Rindge,Franklin Pierce University,www.franklinpierce.edu,NH
108100,Tempe,Arizona State University-Tempe,www.asu.edu/,AZ
305100,Kent,Kent State University at Kent,www.kent.edu,OH
197600,Morehead,Morehead State University,www.moreheadstate.edu,KY
114200,San Bernardino,California State University-San Bernardino,www.csusb.edu,CA
379801,Tacoma,University of Washington-Tacoma Campus,www.tacoma.uw.edu/,WA
344600,Orangeburg,South Carolina State University,www.scsu.edu,SC
380200,Bellingham,Western Washington University,www.wwu.edu,WA
1116100,Corpus Christi,Texas A & M University-Corpus Christi,www.tamucc.edu,TX
155900,Atlanta,Clark Atlanta University,www.cau.edu,GA
332921,Media,Pennsylvania State University-Penn State Brandywine,www.brandywine.psu.edu/,PA
250100,Cape Girardeau,Southeast Missouri State University,www.semo.edu,MO
146800,Miami Gardens,St Thomas University,www.stu.edu,FL
279100,New York,Pace University-New York,www.pace.edu,NY
250300,Springfield,Missouri State University-Springfield,www.missouristate.edu,MO
332902,Center Valley,Pennsylvania State University-Penn State Lehigh Valley,www.lv.psu.edu/,PA
365100,Irving,University of Dallas,www.udallas.edu,TX
318100,Weatherford,Southwestern Oklahoma State University,www.swosu.edu,OK
355700,Austin,Concordia University-Texas,www.concordia.edu,TX
364600,Denton,Texas Woman's University,www.twu.edu,TX
188700,Indianola,Simpson College,www.simpson.edu,IA
160500,Honolulu,Chaminade University of Honolulu,www.chaminade.edu,HI
194600,Hillsboro,Tabor College,tabor.edu/,KS
205000,Biddeford,University of New England,www.une.edu/,ME
105200,Birmingham,University of Alabama at Birmingham,www.uab.edu,AL
382700,Morgantown,West Virginia University,www.wvu.edu/,WV
251700,Rolla,Missouri University of Science and Technology,www.mst.edu/,MO
332909,Hazleton,Pennsylvania State University-Penn State Hazleton,hazleton.psu.edu/,PA
300500,Grand Forks,University of North Dakota,und.edu,ND
501500,Kenosha,University of Wisconsin-Parkside,https://www.uwp.edu,WI
2070500,Irvine,Concordia University-Irvine,www.cui.edu,CA
330100,Bethlehem,Moravian College,www.moravian.edu,PA
108900,Russellville,Arkansas Tech University,www.atu.edu,AR
377100,Ellensburg,Central Washington University,www.cwu.edu,WA
267000,Clarks Summit,Summit University of Pennsylvania,www.summitu.edu,PA
234500,Saint Paul,University of St Thomas,www.stthomas.edu,MN
273700,New Rochelle,Iona College,www.iona.edu,NY
332905,Erie,Pennsylvania State University-Penn State Erie-Behrend College,psbehrend.psu.edu/,PA
214300,Milton,Curry College,www.curry.edu,MA
256900,Las Vegas,University of Nevada-Las Vegas,www.unlv.edu/,NV
186900,Ames,Iowa State University,www.iastate.edu,IA
175900,Edwardsville,Southern Illinois University-Edwardsville,www.siue.edu,IL
209200,Annapolis,St John's College,www.sjc.edu,MD
993000,Odessa,The University of Texas of the Permian Basin,www.utpb.edu,TX
140100,Waterbury,Post University,www.post.edu/,CT
389900,Green Bay,University of Wisconsin-Green Bay,www.uwgb.edu,WI
4193700,Escondido,John Paul the Great Catholic University,www.jpcatholic.com/,CA
222800,Boston,Wheelock College,www.wheelock.edu,MA
303300,Cincinnati,Mount Saint Joseph University,www.msj.edu,OH
331500,Bloomsburg,Bloomsburg University of Pennsylvania,www.bloomu.edu,PA
194000,Winfield,Southwestern College,www.sckans.edu,KS
347000,Rapid City,South Dakota School of Mines and Technology,www.sdsmt.edu,SD
183800,Upland,Taylor University,https://www.taylor.edu,IN
332903,Altoona,Pennsylvania State University-Penn State Altoona,www.altoona.psu.edu/,PA
200500,Thibodaux,Nicholls State University,www.nicholls.edu,LA
215300,Wenham,Gordon College,www.gordon.edu,MA
392500,Superior,University of Wisconsin-Superior,www.uwsuper.edu,WI
277800,Newburgh,Mount Saint Mary College,www.msmc.edu,NY
332907,DuBois,Pennsylvania State University-Penn State DuBois,www.dubois.psu.edu/,PA
303900,Columbus,Columbus College of Art and Design,WWW.CCAD.EDU,OH
332906,Reading,Pennsylvania State University-Penn State Berks,www.berks.psu.edu/,PA
320900,Monmouth,Western Oregon University,www.wou.edu,OR
196400,Georgetown,Georgetown College,www.georgetowncollege.edu,KY
347400,Vermillion,University of South Dakota,WWW.USD.EDU,SD
379400,Lacey,Saint Martin's University,www.stmartin.edu,WA
109400,Clarksville,University of the Ozarks,www.ozarks.edu,AR
174500,Quincy,Quincy University,www.quincy.edu,IL
376700,Norfolk,Virginia Wesleyan College,www.vwc.edu,VA
350000,Cleveland,Lee University,www.leeuniversity.edu,TN
647700,Concord,Cabarrus College of Health Sciences,www.cabarruscollege.edu/index.cfm,NC
347800,Clarksville,Austin Peay State University,www.apsu.edu,TN
392400,Stevens Point,University of Wisconsin-Stevens Point,www.uwsp.edu,WI
308500,Cleveland,Notre Dame College,www.notredamecollege.edu,OH
392300,River Falls,University of Wisconsin-River Falls,www.uwrf.edu,WI
389600,Milwaukee,University of Wisconsin-Milwaukee,www.uwm.edu,WI
331600,California,California University of Pennsylvania,www.calu.edu,PA
360200,Dallas,Paul Quinn College,www.pqc.edu,TX
177100,Palos Heights,Trinity Christian College,www.trnty.edu,IL
201600,New Orleans,Loyola University New Orleans,www.loyno.edu,LA
300800,Valley City,Valley City State University,www.vcsu.edu,ND
315200,Edmond,University of Central Oklahoma,www.uco.edu,OK
1212300,Ramey,University of Puerto Rico-Aguadilla,www.uprag.edu,PR
246400,Saint Louis,Fontbonne University,www.fontbonne.edu,MO
330300,Pittsburgh,Carlow University,www.carlow.edu,PA
332400,Mansfield,Mansfield University of Pennsylvania,www.mansfield.edu,PA
927500,Highland Heights,Northern Kentucky University,www.nku.edu,KY
253100,Butte,Montana Tech of the University of Montana,www.mtech.edu,MT
391500,Menomonie,University of Wisconsin-Stout,www.uwstout.edu,WI
135300,Durango,Fort Lewis College,fortlewis.edu/,CO
182800,Fort Wayne,Indiana University-Purdue University-Fort Wayne,www.ipfw.edu,IN
229300,Sault Ste Marie,Lake Superior State University,www.lssu.edu,MI
236900,Minneapolis,North Central University,www.northcentral.edu,MN
194800,Lawrence,University of Kansas,www.ku.edu,KS
368300,Castleton,Castleton University,www.castleton.edu,VT
348700,Johnson City,East Tennessee State University,www.etsu.edu,TN
347100,Brookings,South Dakota State University,www.sdstate.edu/,SD
328000,La Plume,Keystone College,www.keystone.edu,PA
240300,Cleveland,Delta State University,www.deltastate.edu,MS
155800,Brunswick,College of Coastal Georgia,www.ccga.edu,GA
450900,Colorado Springs,University of Colorado Colorado Springs,www.uccs.edu,CO
331800,Clarion,Clarion University of Pennsylvania,www.clarion.edu,PA
253600,Missoula,The University of Montana,www.umt.edu,MT
2234500,Boise,Boise Bible College,www.boisebible.edu,ID
136500,Pueblo,Colorado State University-Pueblo,www.csupueblo.edu,CO
161700,Caldwell,The College of Idaho,www.collegeofidaho.edu,ID
330600,Phoenixville,University of Valley Forge,www.valleyforge.edu,PA
726300,Notre Dame,Holy Cross College,www.hcc-nd.edu,IN
357800,San Antonio,University of the Incarnate Word,www.uiw.edu,TX
200100,Crestview Hills,Thomas More College,www.thomasmore.edu,KY
200200,Bowling Green,Western Kentucky University,www.wku.edu,KY
1258000,Florissant,Saint Louis Christian College,www.stlchristian.edu,MO
332300,Lock Haven,Lock Haven University,www.lhup.edu,PA
349200,Henderson,Freed-Hardeman University,www.fhu.edu,TN
362500,Alpine,Sul Ross State University,www.sulross.edu,TX
233600,Bemidji,Bemidji State University,www.bemidjistate.edu,MN
361000,Kerrville,Schreiner University,www.schreiner.edu,TX
374200,Sweet Briar,Sweet Briar College,www.sbc.edu,VA
242200,Columbus,Mississippi University for Women,www.muw.edu,MS
339200,New Wilmington,Westminster College,www.westminster.edu,PA
369300,Bennington,Southern Vermont College,www.svc.edu,VT
319800,McMinnville,Linfield College-McMinnville Campus,www.linfield.edu,OR
273400,Houghton,Houghton College,www.houghton.edu,NY
398700,Pittsburgh,La Roche College,www.laroche.edu,PA
398800,Aston,Neumann University,www.neumann.edu,PA
345900,Spearfish,Black Hills State University,www.bhsu.edu,SD
109200,Conway,University of Central Arkansas,www.uca.edu,AR
269800,Staten Island,College of Staten Island CUNY,www.csi.cuny.edu,NY
358600,Lubbock,Lubbock Christian University,https://www.lcu.edu,TX
392100,Platteville,University of Wisconsin-Platteville,www.uwplatt.edu,WI
352300,Cookeville,Tennessee Technological University,www.tntech.edu,TN
313100,Toledo,University of Toledo,www.utoledo.edu/,OH
327700,Indiana,Indiana University of Pennsylvania-Main Campus,www.iup.edu,PA
182200,Marion,Indiana Wesleyan University-Marion,www.indwes.edu,IN
187300,Dubuque,Loras College,www.loras.edu,IA
270300,Bronx,College of Mount Saint Vincent,www.mountsaintvincent.edu,NY
884900,West Palm Beach,Palm Beach Atlantic University,www.pba.edu,FL
314200,Wilmington,Wilmington College,www.wilmington.edu,OH
905800,Saint Paul,Bethel University,https://www.bethel.edu,MN
372300,Staunton,Mary Baldwin College,www.mbc.edu,VA
368800,Johnson,Johnson State College,www.jsc.edu,VT
312300,Akron,University of Akron Main Campus,www.uakron.edu,OH
368100,Salt Lake City,Westminster College,www.westminstercollege.edu,UT
248800,Joplin,Missouri Southern State University,www.mssu.edu,MO
136300,Denver,Regis University,www.regis.edu/,CO
188900,Davenport,Saint Ambrose University,www.sau.edu,IA
378300,Kirkland,Northwest University,www.northwestu.edu,WA
159700,Cleveland,Truett-McConnell College,www.truett.edu,GA
348400,Lookout Mountain,Covenant College,www.covenant.edu,GA
183200,Fort Wayne,University of Saint Francis-Fort Wayne,www.sf.edu,IN
394600,Charlotte Amalie,University of the Virgin Islands,www.uvi.edu,VI
180300,Huntington,Huntington University,www.huntington.edu,IN
315400,Ada,East Central University,https://www.ecok.edu,OK
346900,Sioux Falls,University of Sioux Falls,www.usiouxfalls.edu/,SD
236100,New Ulm,Martin Luther College,www.mlc-wels.edu,MN
137200,Gunnison,Western State Colorado University,www.western.edu,CO
190400,Lindsborg,Bethany College,www.bethanylb.edu,KS
393200,Laramie,University of Wyoming,www.uwyo.edu,WY
366300,Plainview,Wayland Baptist University,www.wbu.edu,TX
1025600,Atchison,Benedictine College,www.benedictine.edu,KS
335100,Langhorne,Cairn University-Langhorne,www.cairn.edu,PA
367700,Logan,Utah State University,www.usu.edu,UT
370300,Bluefield,Bluefield College,www.bluefield.edu,VA
382200,Shepherdstown,Shepherd University,www.shepherd.edu/,WV
186700,Des Moines,Grand View University,www.grandview.edu,IA
815500,Olympia,The Evergreen State College,www.evergreen.edu,WA
162100,Lewiston,Lewis-Clark State College,www.lcsc.edu,ID
109700,Searcy,Harding University,www.harding.edu,AR
368900,Lyndonville,Lyndon State College,WWW.LYNDONSTATE.EDU,VT
193300,McPherson,McPherson College,www.mcpherson.edu,KS
332100,Edinboro,Edinboro University of Pennsylvania,www.edinboro.edu/,PA
279000,Nyack,Nyack College,www.nyack.edu,NY
162500,Rexburg,Brigham Young University-Idaho,www.byui.edu,ID
2270400,Birmingham,Southeastern Bible College,www.sebc.edu,AL
3115500,Orlando,Adventist University of Health Sciences,www.adu.edu,FL
177200,Deerfield,Trinity International University-Illinois,www.tiu.edu,IL
183500,Saint Mary of the Woods,Saint Mary-of-the-Woods College,www.smwc.edu,IN
198000,Pikeville,University of Pikeville,www.upike.edu,KY
245000,Kansas City,Calvary Bible College and Theological Seminary,www.calvary.edu,MO
2090700,Overland Park,Cleveland University-Kansas City,www.cleveland.edu,KS
253300,Havre,Montana State University-Northern,www.msun.edu,MT
3516300,Southlake,The King's University,tku.edu,TX